id	Lorem ipsum dolor sit amet, consectetur adipiscing elit. Sed non sunt in eo genere tantae commoditates corporis tamque productae temporibus tamque multae. Quod cum ille dixisset et satis disputatum videretur, in oppidum ad Pomponium perreximus omnes. Ex ea difficultate illae fallaciloquae, ut ait Accius, malitiae natae sunt. Potius ergo illa dicantur: turpe esse, viri non esse debilitari dolore, frangi, succumbere. Ab his oratores, ab his imperatores ac rerum publicarum principes extiterunt. Illud mihi a te nimium festinanter dictum videtur, sapientis omnis esse semper beatos; Duo Reges: constructio interrete. Vitiosum est enim in dividendo partem in genere numerare.	first_name	last_name	email	gender
1	Lorem ipsum dolor sit amet, consectetur adipiscing elit. Duo Reges: constructio interrete. Magni enim aestimabat pecuniam non modo non contra leges, sed etiam legibus partam. Quas enim kakaw Graeci appellant, vitia malo quam malitias nominare. Quis animo aequo videt eum, quem inpure ac flagitiose putet vivere? Non pugnem cum homine, cur tantum habeat in natura boni; Hic quoque suus est de summoque bono dissentiens dici vere Peripateticus non potest. Cur tantas regiones barbarorum pedibus obiit, tot maria transmisit?	First name 1	Last name 1	email1@example.com	Male
2	Lorem ipsum dolor sit amet, consectetur adipiscing elit. Naturales divitias dixit parabiles esse, quod parvo esset natura contenta. Cuius ad naturam apta ratio vera illa et summa lex a philosophis dicitur. Cuius ad naturam apta ratio vera illa et summa lex a philosophis dicitur. Duo Reges: constructio interrete. Sed quot homines, tot sententiae; Aberat omnis dolor, qui si adesset, nec molliter ferret et tamen medicis plus quam philosophis uteretur. Sed ea mala virtuti magnitudine obruebantur. An est aliquid per se ipsum flagitiosum, etiamsi nulla comitetur infamia?	First name 2	Last name 2	email2@example.com	Female
3	Lorem ipsum dolor sit amet, consectetur adipiscing elit. Vitiosum est enim in dividendo partem in genere numerare. Nam quibus rebus efficiuntur voluptates, eae non sunt in potestate sapientis. Duo Reges: constructio interrete. Videamus animi partes, quarum est conspectus illustrior; Omnes enim iucundum motum, quo sensus hilaretur. Omnis enim est natura diligens sui. Cur igitur easdem res, inquam, Peripateticis dicentibus verbum nullum est, quod non intellegatur? An vero displicuit ea, quae tributa est animi virtutibus tanta praestantia?	First name 3	Last name 3	email3@example.com	Male
4	Lorem ipsum dolor sit amet, consectetur adipiscing elit. Summum a vobis bonum voluptas dicitur. Itaque his sapiens semper vacabit. Te ipsum, dignissimum maioribus tuis, voluptasne induxit, ut adolescentulus eriperes P. Nos quidem Virtutes sic natae sumus, ut tibi serviremus, aliud negotii nihil habemus. Duo Reges: constructio interrete. Paria sunt igitur. Ita enim vivunt quidam, ut eorum vita refellatur oratio. Iubet igitur nos Pythius Apollo noscere nosmet ipsos.	First name 4	Last name 4	email4@example.com	Female
5	Lorem ipsum dolor sit amet, consectetur adipiscing elit. Duo Reges: constructio interrete. Magni enim aestimabat pecuniam non modo non contra leges, sed etiam legibus partam. Quas enim kakaw Graeci appellant, vitia malo quam malitias nominare. Quis animo aequo videt eum, quem inpure ac flagitiose putet vivere? Non pugnem cum homine, cur tantum habeat in natura boni; Hic quoque suus est de summoque bono dissentiens dici vere Peripateticus non potest. Cur tantas regiones barbarorum pedibus obiit, tot maria transmisit?	First name 5	Last name 5	email5@example.com	Male
6	Lorem ipsum dolor sit amet, consectetur adipiscing elit. Naturales divitias dixit parabiles esse, quod parvo esset natura contenta. Cuius ad naturam apta ratio vera illa et summa lex a philosophis dicitur. Cuius ad naturam apta ratio vera illa et summa lex a philosophis dicitur. Duo Reges: constructio interrete. Sed quot homines, tot sententiae; Aberat omnis dolor, qui si adesset, nec molliter ferret et tamen medicis plus quam philosophis uteretur. Sed ea mala virtuti magnitudine obruebantur. An est aliquid per se ipsum flagitiosum, etiamsi nulla comitetur infamia?	First name 6	Last name 6	email6@example.com	Female
7	Lorem ipsum dolor sit amet, consectetur adipiscing elit. Vitiosum est enim in dividendo partem in genere numerare. Nam quibus rebus efficiuntur voluptates, eae non sunt in potestate sapientis. Duo Reges: constructio interrete. Videamus animi partes, quarum est conspectus illustrior; Omnes enim iucundum motum, quo sensus hilaretur. Omnis enim est natura diligens sui. Cur igitur easdem res, inquam, Peripateticis dicentibus verbum nullum est, quod non intellegatur? An vero displicuit ea, quae tributa est animi virtutibus tanta praestantia?	First name 7	Last name 7	email7@example.com	Male
8	Lorem ipsum dolor sit amet, consectetur adipiscing elit. Summum a vobis bonum voluptas dicitur. Itaque his sapiens semper vacabit. Te ipsum, dignissimum maioribus tuis, voluptasne induxit, ut adolescentulus eriperes P. Nos quidem Virtutes sic natae sumus, ut tibi serviremus, aliud negotii nihil habemus. Duo Reges: constructio interrete. Paria sunt igitur. Ita enim vivunt quidam, ut eorum vita refellatur oratio. Iubet igitur nos Pythius Apollo noscere nosmet ipsos.	First name 8	Last name 8	email8@example.com	Female
9	Lorem ipsum dolor sit amet, consectetur adipiscing elit. Duo Reges: constructio interrete. Magni enim aestimabat pecuniam non modo non contra leges, sed etiam legibus partam. Quas enim kakaw Graeci appellant, vitia malo quam malitias nominare. Quis animo aequo videt eum, quem inpure ac flagitiose putet vivere? Non pugnem cum homine, cur tantum habeat in natura boni; Hic quoque suus est de summoque bono dissentiens dici vere Peripateticus non potest. Cur tantas regiones barbarorum pedibus obiit, tot maria transmisit?	First name 9	Last name 9	email9@example.com	Male
10	Lorem ipsum dolor sit amet, consectetur adipiscing elit. Naturales divitias dixit parabiles esse, quod parvo esset natura contenta. Cuius ad naturam apta ratio vera illa et summa lex a philosophis dicitur. Cuius ad naturam apta ratio vera illa et summa lex a philosophis dicitur. Duo Reges: constructio interrete. Sed quot homines, tot sententiae; Aberat omnis dolor, qui si adesset, nec molliter ferret et tamen medicis plus quam philosophis uteretur. Sed ea mala virtuti magnitudine obruebantur. An est aliquid per se ipsum flagitiosum, etiamsi nulla comitetur infamia?	First name 10	Last name 10	email10@example.com	Female
11	Lorem ipsum dolor sit amet, consectetur adipiscing elit. Vitiosum est enim in dividendo partem in genere numerare. Nam quibus rebus efficiuntur voluptates, eae non sunt in potestate sapientis. Duo Reges: constructio interrete. Videamus animi partes, quarum est conspectus illustrior; Omnes enim iucundum motum, quo sensus hilaretur. Omnis enim est natura diligens sui. Cur igitur easdem res, inquam, Peripateticis dicentibus verbum nullum est, quod non intellegatur? An vero displicuit ea, quae tributa est animi virtutibus tanta praestantia?	First name 11	Last name 11	email11@example.com	Male
12	Lorem ipsum dolor sit amet, consectetur adipiscing elit. Summum a vobis bonum voluptas dicitur. Itaque his sapiens semper vacabit. Te ipsum, dignissimum maioribus tuis, voluptasne induxit, ut adolescentulus eriperes P. Nos quidem Virtutes sic natae sumus, ut tibi serviremus, aliud negotii nihil habemus. Duo Reges: constructio interrete. Paria sunt igitur. Ita enim vivunt quidam, ut eorum vita refellatur oratio. Iubet igitur nos Pythius Apollo noscere nosmet ipsos.	First name 12	Last name 12	email12@example.com	Female
13	Lorem ipsum dolor sit amet, consectetur adipiscing elit. Duo Reges: constructio interrete. Magni enim aestimabat pecuniam non modo non contra leges, sed etiam legibus partam. Quas enim kakaw Graeci appellant, vitia malo quam malitias nominare. Quis animo aequo videt eum, quem inpure ac flagitiose putet vivere? Non pugnem cum homine, cur tantum habeat in natura boni; Hic quoque suus est de summoque bono dissentiens dici vere Peripateticus non potest. Cur tantas regiones barbarorum pedibus obiit, tot maria transmisit?	First name 13	Last name 13	email13@example.com	Male
14	Lorem ipsum dolor sit amet, consectetur adipiscing elit. Naturales divitias dixit parabiles esse, quod parvo esset natura contenta. Cuius ad naturam apta ratio vera illa et summa lex a philosophis dicitur. Cuius ad naturam apta ratio vera illa et summa lex a philosophis dicitur. Duo Reges: constructio interrete. Sed quot homines, tot sententiae; Aberat omnis dolor, qui si adesset, nec molliter ferret et tamen medicis plus quam philosophis uteretur. Sed ea mala virtuti magnitudine obruebantur. An est aliquid per se ipsum flagitiosum, etiamsi nulla comitetur infamia?	First name 14	Last name 14	email14@example.com	Female
15	Lorem ipsum dolor sit amet, consectetur adipiscing elit. Vitiosum est enim in dividendo partem in genere numerare. Nam quibus rebus efficiuntur voluptates, eae non sunt in potestate sapientis. Duo Reges: constructio interrete. Videamus animi partes, quarum est conspectus illustrior; Omnes enim iucundum motum, quo sensus hilaretur. Omnis enim est natura diligens sui. Cur igitur easdem res, inquam, Peripateticis dicentibus verbum nullum est, quod non intellegatur? An vero displicuit ea, quae tributa est animi virtutibus tanta praestantia?	First name 15	Last name 15	email15@example.com	Male
16	Lorem ipsum dolor sit amet, consectetur adipiscing elit. Summum a vobis bonum voluptas dicitur. Itaque his sapiens semper vacabit. Te ipsum, dignissimum maioribus tuis, voluptasne induxit, ut adolescentulus eriperes P. Nos quidem Virtutes sic natae sumus, ut tibi serviremus, aliud negotii nihil habemus. Duo Reges: constructio interrete. Paria sunt igitur. Ita enim vivunt quidam, ut eorum vita refellatur oratio. Iubet igitur nos Pythius Apollo noscere nosmet ipsos.	First name 16	Last name 16	email16@example.com	Female
17	Lorem ipsum dolor sit amet, consectetur adipiscing elit. Duo Reges: constructio interrete. Magni enim aestimabat pecuniam non modo non contra leges, sed etiam legibus partam. Quas enim kakaw Graeci appellant, vitia malo quam malitias nominare. Quis animo aequo videt eum, quem inpure ac flagitiose putet vivere? Non pugnem cum homine, cur tantum habeat in natura boni; Hic quoque suus est de summoque bono dissentiens dici vere Peripateticus non potest. Cur tantas regiones barbarorum pedibus obiit, tot maria transmisit?	First name 17	Last name 17	email17@example.com	Male
18	Lorem ipsum dolor sit amet, consectetur adipiscing elit. Naturales divitias dixit parabiles esse, quod parvo esset natura contenta. Cuius ad naturam apta ratio vera illa et summa lex a philosophis dicitur. Cuius ad naturam apta ratio vera illa et summa lex a philosophis dicitur. Duo Reges: constructio interrete. Sed quot homines, tot sententiae; Aberat omnis dolor, qui si adesset, nec molliter ferret et tamen medicis plus quam philosophis uteretur. Sed ea mala virtuti magnitudine obruebantur. An est aliquid per se ipsum flagitiosum, etiamsi nulla comitetur infamia?	First name 18	Last name 18	email18@example.com	Female
19	Lorem ipsum dolor sit amet, consectetur adipiscing elit. Vitiosum est enim in dividendo partem in genere numerare. Nam quibus rebus efficiuntur voluptates, eae non sunt in potestate sapientis. Duo Reges: constructio interrete. Videamus animi partes, quarum est conspectus illustrior; Omnes enim iucundum motum, quo sensus hilaretur. Omnis enim est natura diligens sui. Cur igitur easdem res, inquam, Peripateticis dicentibus verbum nullum est, quod non intellegatur? An vero displicuit ea, quae tributa est animi virtutibus tanta praestantia?	First name 19	Last name 19	email19@example.com	Male
20	Lorem ipsum dolor sit amet, consectetur adipiscing elit. Summum a vobis bonum voluptas dicitur. Itaque his sapiens semper vacabit. Te ipsum, dignissimum maioribus tuis, voluptasne induxit, ut adolescentulus eriperes P. Nos quidem Virtutes sic natae sumus, ut tibi serviremus, aliud negotii nihil habemus. Duo Reges: constructio interrete. Paria sunt igitur. Ita enim vivunt quidam, ut eorum vita refellatur oratio. Iubet igitur nos Pythius Apollo noscere nosmet ipsos.	First name 20	Last name 20	email20@example.com	Female
21	Lorem ipsum dolor sit amet, consectetur adipiscing elit. Duo Reges: constructio interrete. Magni enim aestimabat pecuniam non modo non contra leges, sed etiam legibus partam. Quas enim kakaw Graeci appellant, vitia malo quam malitias nominare. Quis animo aequo videt eum, quem inpure ac flagitiose putet vivere? Non pugnem cum homine, cur tantum habeat in natura boni; Hic quoque suus est de summoque bono dissentiens dici vere Peripateticus non potest. Cur tantas regiones barbarorum pedibus obiit, tot maria transmisit?	First name 21	Last name 21	email21@example.com	Male
22	Lorem ipsum dolor sit amet, consectetur adipiscing elit. Naturales divitias dixit parabiles esse, quod parvo esset natura contenta. Cuius ad naturam apta ratio vera illa et summa lex a philosophis dicitur. Cuius ad naturam apta ratio vera illa et summa lex a philosophis dicitur. Duo Reges: constructio interrete. Sed quot homines, tot sententiae; Aberat omnis dolor, qui si adesset, nec molliter ferret et tamen medicis plus quam philosophis uteretur. Sed ea mala virtuti magnitudine obruebantur. An est aliquid per se ipsum flagitiosum, etiamsi nulla comitetur infamia?	First name 22	Last name 22	email22@example.com	Female
23	Lorem ipsum dolor sit amet, consectetur adipiscing elit. Vitiosum est enim in dividendo partem in genere numerare. Nam quibus rebus efficiuntur voluptates, eae non sunt in potestate sapientis. Duo Reges: constructio interrete. Videamus animi partes, quarum est conspectus illustrior; Omnes enim iucundum motum, quo sensus hilaretur. Omnis enim est natura diligens sui. Cur igitur easdem res, inquam, Peripateticis dicentibus verbum nullum est, quod non intellegatur? An vero displicuit ea, quae tributa est animi virtutibus tanta praestantia?	First name 23	Last name 23	email23@example.com	Male
24	Lorem ipsum dolor sit amet, consectetur adipiscing elit. Summum a vobis bonum voluptas dicitur. Itaque his sapiens semper vacabit. Te ipsum, dignissimum maioribus tuis, voluptasne induxit, ut adolescentulus eriperes P. Nos quidem Virtutes sic natae sumus, ut tibi serviremus, aliud negotii nihil habemus. Duo Reges: constructio interrete. Paria sunt igitur. Ita enim vivunt quidam, ut eorum vita refellatur oratio. Iubet igitur nos Pythius Apollo noscere nosmet ipsos.	First name 24	Last name 24	email24@example.com	Female
25	Lorem ipsum dolor sit amet, consectetur adipiscing elit. Duo Reges: constructio interrete. Magni enim aestimabat pecuniam non modo non contra leges, sed etiam legibus partam. Quas enim kakaw Graeci appellant, vitia malo quam malitias nominare. Quis animo aequo videt eum, quem inpure ac flagitiose putet vivere? Non pugnem cum homine, cur tantum habeat in natura boni; Hic quoque suus est de summoque bono dissentiens dici vere Peripateticus non potest. Cur tantas regiones barbarorum pedibus obiit, tot maria transmisit?	First name 25	Last name 25	email25@example.com	Male
